photo;kait32;;http://instagram.com/p/ts6CfoOHiw/;"My new favorite snack. 
30 calories of deliciousness!

#BOOMCHICKAPOP";http://scontent-a.cdninstagram.com/hphotos-xaf1/t51.2885-15/10693824_1535264080039845_2061741359_s.jpg;http://scontent-a.cdninstagram.com/hphotos-xaf1/t51.2885-15/10693824_1535264080039845_2061741359_a.jpg;http://scontent-a.cdninstagram.com/hphotos-xaf1/t51.2885-15/10693824_1535264080039845_2061741359_n.jpg;;
photo;ooh_shayla;;http://instagram.com/p/trLZ-vpkac/;"#TGIT #scandal #thurday #thursdaynight got my #snacks #oceanspray #cranapple #boomChickapop #seasalt #popcorn";http://scontent-b.cdninstagram.com/hphotos-xaf1/t51.2885-15/10707160_770720802965639_806819717_s.jpg;http://scontent-b.cdninstagram.com/hphotos-xaf1/t51.2885-15/10707160_770720802965639_806819717_a.jpg;http://scontent-b.cdninstagram.com/hphotos-xaf1/t51.2885-15/10707160_770720802965639_806819717_n.jpg;33.42079453;-111.895988689
photo;analisfirstamendment;;http://instagram.com/p/tqhASIysfD/;"When I went into Stop & Shop, I met this lovely duo who gave me some free popcorn to try! #boomchickapop #nomnomnow";http://scontent-a.cdninstagram.com/hphotos-xfa1/t51.2885-15/917170_604692322980509_1482566674_s.jpg;http://scontent-a.cdninstagram.com/hphotos-xfa1/t51.2885-15/917170_604692322980509_1482566674_a.jpg;http://scontent-a.cdninstagram.com/hphotos-xfa1/t51.2885-15/917170_604692322980509_1482566674_n.jpg;42.2776929;-71.025021
photo;analisfirstamendment;;http://instagram.com/p/tqgfdKSseL/;"Went to Stop & Shop on Hancock Street in Quincy and saw this truck. #boomchickapop #nomnomnow #freefood #snacks";http://scontent-b.cdninstagram.com/hphotos-xpa1/t51.2885-15/925027_948112241882408_1013249345_s.jpg;http://scontent-b.cdninstagram.com/hphotos-xpa1/t51.2885-15/925027_948112241882408_1013249345_a.jpg;http://scontent-b.cdninstagram.com/hphotos-xpa1/t51.2885-15/925027_948112241882408_1013249345_n.jpg;;
photo;janellie_g;;http://instagram.com/p/tqKO2wQ9Rm/;"Let's dedicate this moment and snack time to the most badass popcorn ever.  #BoomChickaPop #WhiteCheddarPopcorn #AlwaysReal #NonGMO #NomNom";http://scontent-a.cdninstagram.com/hphotos-xfp1/t51.2885-15/1390347_1552810824952207_205709389_s.jpg;http://scontent-a.cdninstagram.com/hphotos-xfp1/t51.2885-15/1390347_1552810824952207_205709389_a.jpg;http://scontent-a.cdninstagram.com/hphotos-xfp1/t51.2885-15/1390347_1552810824952207_205709389_n.jpg;;
photo;ykimberley;;http://instagram.com/p/tp6zdpgSWC/;"Obsessed with this one #boomchickapop #icanteven #totallyfantastical #nomnomnom";http://scontent-b.cdninstagram.com/hphotos-xpf1/t51.2885-15/1171822_630104183776120_484159336_s.jpg;http://scontent-b.cdninstagram.com/hphotos-xpf1/t51.2885-15/1171822_630104183776120_484159336_a.jpg;http://scontent-b.cdninstagram.com/hphotos-xpf1/t51.2885-15/1171822_630104183776120_484159336_n.jpg;;
photo;sillyyywhitegirl;;http://instagram.com/p/tpT8aMRzhj/;"Posted up. Snacks- redbull obviously, kevita cleansing sparkling lemon cayenne water (which I'm loving) and some gluten free, whole grain, guilt free, sea salt popcorn( good substitute for my ever so loved hot chettos, but I'm getting old and would hate to have heart burn at 2 am).... #safewaygrind #studyallnight #pandora #turntitdownforwhat #gettingcrayoverhere #rager #alldayallnight #partyhard #thisgirlknowswhatsup #deadlinesmovedup #kevitasparklingprobioticdrink #lemoncayennecleanse #organic #boomchickapop #seasaltpop #iwantlemonhotchettosandformyexqmsandpapertobeover #cjpaper #research #geologytests #myrockshowasntcool #legitimatelylookedatrocks";http://scontent-b.cdninstagram.com/hphotos-xaf1/t51.2885-15/10707031_353873114780406_1607621464_s.jpg;http://scontent-b.cdninstagram.com/hphotos-xaf1/t51.2885-15/10707031_353873114780406_1607621464_a.jpg;http://scontent-b.cdninstagram.com/hphotos-xaf1/t51.2885-15/10707031_353873114780406_1607621464_n.jpg;37.52097;-120.882836667
photo;ghotideke;;http://instagram.com/p/to5WFQSpD0/;"The kiddos harvested their long-awaited organic popcorn today! 😊🌽😊 #boomchickapop #organicbaby #hippiekids";http://scontent-b.cdninstagram.com/hphotos-prn/t51.2885-15/929232_542765029200480_706862192_s.jpg;http://scontent-b.cdninstagram.com/hphotos-prn/t51.2885-15/929232_542765029200480_706862192_a.jpg;http://scontent-b.cdninstagram.com/hphotos-prn/t51.2885-15/929232_542765029200480_706862192_n.jpg;;
photo;babette.xo;;http://instagram.com/p/totMMqCLcf/;"Sooooooo good. A must try!!!
#yummy #boomchickapop #sweet&salty #healthylatenightsnack";http://scontent-b.cdninstagram.com/hphotos-xaf1/t51.2885-15/10691892_764207590304013_1999591273_s.jpg;http://scontent-b.cdninstagram.com/hphotos-xaf1/t51.2885-15/10691892_764207590304013_1999591273_a.jpg;http://scontent-b.cdninstagram.com/hphotos-xaf1/t51.2885-15/10691892_764207590304013_1999591273_n.jpg;;
photo;delamobe;;http://instagram.com/p/toLRZNDekT/;"Sooo, I like popcorn & obsessively eat (& repeat) @angiesboomchickapop #seasalt popcorn on the daily... Yet, today, I get an unexpected package of tasty treats from @garrettpopcorn. I think someone is trying to convert me. lol! #thanksfortheeats #nomnomnom #istillloveangiestho #sorryimnotsorry #boomchickapop";http://scontent-b.cdninstagram.com/hphotos-xaf1/t51.2885-15/10707108_579654472146398_19953464_s.jpg;http://scontent-b.cdninstagram.com/hphotos-xaf1/t51.2885-15/10707108_579654472146398_19953464_a.jpg;http://scontent-b.cdninstagram.com/hphotos-xaf1/t51.2885-15/10707108_579654472146398_19953464_n.jpg;;
photo;marysunshineharden;;http://instagram.com/p/toEJvCmC-C/;"Sesame Streets and Boom Chicka POP Lightly Sweet Popcorn(37 cal per cup>if your one of those peeps) ..... Chill mode after the park with my Ru. #turndownforwhat #elmo #sesamestreet #allday #everyday #favorite #and #peppapig #snacking #boomchickapop #yummy #momlife #motherhood #babygirl";http://scontent-a.cdninstagram.com/hphotos-xaf1/t51.2885-15/1889392_642641165851015_964128174_s.jpg;http://scontent-a.cdninstagram.com/hphotos-xaf1/t51.2885-15/1889392_642641165851015_964128174_a.jpg;http://scontent-a.cdninstagram.com/hphotos-xaf1/t51.2885-15/1889392_642641165851015_964128174_n.jpg;;
photo;angiesboomchickapop;;http://instagram.com/p/toCYGAx2xF/;"We do it ALL. YEAR. LONG. #nationalpopcornpoppingmonth #popcorn #boomchickapop";http://scontent-a.cdninstagram.com/hphotos-xaf1/t51.2885-15/10707111_740417899358824_700181168_s.jpg;http://scontent-a.cdninstagram.com/hphotos-xaf1/t51.2885-15/10707111_740417899358824_700181168_a.jpg;http://scontent-a.cdninstagram.com/hphotos-xaf1/t51.2885-15/10707111_740417899358824_700181168_n.jpg;;
photo;heyiamkat;;http://instagram.com/p/tl9u1zpoyT/;"{september 30th, 2014}  finally trying some Boom Chicka Pop! ♥ #photoaday365 #food #omnomnom #boomchickapop";http://scontent-b.cdninstagram.com/hphotos-xaf1/t51.2885-15/10693309_520260774775383_1516114683_s.jpg;http://scontent-b.cdninstagram.com/hphotos-xaf1/t51.2885-15/10693309_520260774775383_1516114683_a.jpg;http://scontent-b.cdninstagram.com/hphotos-xaf1/t51.2885-15/10693309_520260774775383_1516114683_n.jpg;;
photo;greenandgarbanzo;;http://instagram.com/p/tlwOfzEb3n/;"Oh. My. God. Yes 😍 #ByTheHandful #BoomChickaPop #Organic #SeaSaltAndVinegar #NonGMO";http://scontent-b.cdninstagram.com/hphotos-xaf1/t51.2885-15/10684173_837057686328853_1822705781_s.jpg;http://scontent-b.cdninstagram.com/hphotos-xaf1/t51.2885-15/10684173_837057686328853_1822705781_a.jpg;http://scontent-b.cdninstagram.com/hphotos-xaf1/t51.2885-15/10684173_837057686328853_1822705781_n.jpg;;
photo;niquelise;;http://instagram.com/p/tluonwy1qO/;"I disgust myself. #horrormovies #boomchickapop #lakefrontseasonal and a cute little red leaf.";http://scontent-a.cdninstagram.com/hphotos-xaf1/t51.2885-15/10684207_707122726047886_1113324868_s.jpg;http://scontent-a.cdninstagram.com/hphotos-xaf1/t51.2885-15/10684207_707122726047886_1113324868_a.jpg;http://scontent-a.cdninstagram.com/hphotos-xaf1/t51.2885-15/10684207_707122726047886_1113324868_n.jpg;44.963008333;-93.289121667
photo;shellobee;;http://instagram.com/p/tlqrPRANTB/;"I don't know what flavor genius concocted this, BUT OMG DELICIOUS!😩👍😍 #PicFrame #boomchickapop #angies #caramel #cheddar #popcorn #carmelcheddarpopcorn #delicious #foodporn #instanoms #healthysnacks #nongmo #allnatural #wholegrain #nom #instahealth #nutrition #igdaily #snack";http://scontent-b.cdninstagram.com/hphotos-xaf1/t51.2885-15/10693261_904943509533130_1720197043_s.jpg;http://scontent-b.cdninstagram.com/hphotos-xaf1/t51.2885-15/10693261_904943509533130_1720197043_a.jpg;http://scontent-b.cdninstagram.com/hphotos-xaf1/t51.2885-15/10693261_904943509533130_1720197043_n.jpg;;
photo;always_something_to_say;;http://instagram.com/p/tlaElLONMg/;"I bought this mainly for the catchy name! Boom Chicka Pop popcorn. For 150 calories per serving, pretty good! #whitecheddarpopcorn #popcorn #healthysnack #healthy #foodie #boomchickapop";http://scontent-a.cdninstagram.com/hphotos-xfa1/t51.2885-15/10691909_732881116780750_2114938690_s.jpg;http://scontent-a.cdninstagram.com/hphotos-xfa1/t51.2885-15/10691909_732881116780750_2114938690_a.jpg;http://scontent-a.cdninstagram.com/hphotos-xfa1/t51.2885-15/10691909_732881116780750_2114938690_n.jpg;;
photo;jem_618;;http://instagram.com/p/tqNWebOAaD/;"@BOOMCHICKAPOP visited the Glavin Office!! @SHABOOMVAN thanks for the goodies!! #boomtour @angiesboomchickapop";http://scontent-a.cdninstagram.com/hphotos-xaf1/t51.2885-15/1389300_870925569593755_1238464668_s.jpg;http://scontent-a.cdninstagram.com/hphotos-xaf1/t51.2885-15/1389300_870925569593755_1238464668_a.jpg;http://scontent-a.cdninstagram.com/hphotos-xaf1/t51.2885-15/1389300_870925569593755_1238464668_n.jpg;42.296782494;-71.263275897
photo;impacthubphilly;;http://instagram.com/p/ti_LwSqqL6/;"Thanks for the goodies @angiesboomchickapop! #nongmo #boomtour #popcorn #wholegrain";http://scontent-b.cdninstagram.com/hphotos-xpa1/t51.2885-15/926221_306975299509051_1733464870_s.jpg;http://scontent-b.cdninstagram.com/hphotos-xpa1/t51.2885-15/926221_306975299509051_1733464870_a.jpg;http://scontent-b.cdninstagram.com/hphotos-xpa1/t51.2885-15/926221_306975299509051_1733464870_n.jpg;39.970937668;-75.14271691
photo;micheemichee520;;http://instagram.com/p/ticQRdnU3V/;"#boomtour has descended on @impacthubphilly #CPCollegeFest";http://scontent-b.cdninstagram.com/hphotos-xaf1/t51.2885-15/10693705_460964090710082_1526575708_s.jpg;http://scontent-b.cdninstagram.com/hphotos-xaf1/t51.2885-15/10693705_460964090710082_1526575708_a.jpg;http://scontent-b.cdninstagram.com/hphotos-xaf1/t51.2885-15/10693705_460964090710082_1526575708_n.jpg;39.970937668;-75.14271691
photo;mn_bruman;;http://instagram.com/p/tfwQs7IpWa/;"Had an awesome time at Philly College Fest! @angiesboomchickapop @cpcollegefest #boomtour";http://scontent-a.cdninstagram.com/hphotos-xpf1/t51.2885-15/1171061_647109772071981_1337201133_s.jpg;http://scontent-a.cdninstagram.com/hphotos-xpf1/t51.2885-15/1171061_647109772071981_1337201133_a.jpg;http://scontent-a.cdninstagram.com/hphotos-xpf1/t51.2885-15/1171061_647109772071981_1337201133_n.jpg;39.965771821;-75.181261883
photo;vinyl_haus;;http://instagram.com/p/tfhTT-CrgD/;"Back drop by us. For the #boomtour";http://scontent-a.cdninstagram.com/hphotos-xaf1/t51.2885-15/10693402_1535606203340986_1917517741_s.jpg;http://scontent-a.cdninstagram.com/hphotos-xaf1/t51.2885-15/10693402_1535606203340986_1917517741_a.jpg;http://scontent-a.cdninstagram.com/hphotos-xaf1/t51.2885-15/10693402_1535606203340986_1917517741_n.jpg;39.964561667;-75.179746667
photo;ebburns;;http://instagram.com/p/tdt1rVrNbw/;"This guy is amazing. #boomtour #cpcollegefest";http://scontent-b.cdninstagram.com/hphotos-xfa1/t51.2885-15/10693709_692607244165642_1440188607_s.jpg;http://scontent-b.cdninstagram.com/hphotos-xfa1/t51.2885-15/10693709_692607244165642_1440188607_a.jpg;http://scontent-b.cdninstagram.com/hphotos-xfa1/t51.2885-15/10693709_692607244165642_1440188607_n.jpg;39.866642057;-75.31176074
photo;paula_cavaxo;;http://instagram.com/p/tdrIkpPV_l/;"Sometimes we think we're cute. #boomtour #collegefest #campusphilly";http://scontent-a.cdninstagram.com/hphotos-xpf1/t51.2885-15/1723649_721565964597056_834997328_s.jpg;http://scontent-a.cdninstagram.com/hphotos-xpf1/t51.2885-15/1723649_721565964597056_834997328_a.jpg;http://scontent-a.cdninstagram.com/hphotos-xpf1/t51.2885-15/1723649_721565964597056_834997328_n.jpg;;
photo;mn_sneaky_pete;;http://instagram.com/p/tdpntSIuZR/;"Photo from the #rockystairs in Philly of #collegefest #boomchickapop #boomtour #Philadelphia #Pennsylvania @angiesboomchickapop";http://scontent-b.cdninstagram.com/hphotos-xaf1/t51.2885-15/10598625_432242170247528_1714035486_s.jpg;http://scontent-b.cdninstagram.com/hphotos-xaf1/t51.2885-15/10598625_432242170247528_1714035486_a.jpg;http://scontent-b.cdninstagram.com/hphotos-xaf1/t51.2885-15/10598625_432242170247528_1714035486_n.jpg;;
photo;pretty_odd;;http://instagram.com/p/tdaAipwhsn/;"I love my best friend 😄 #boomtour #collegecampusphilly";http://scontent-a.cdninstagram.com/hphotos-xfp1/t51.2885-15/1971492_552581338205929_353144297_s.jpg;http://scontent-a.cdninstagram.com/hphotos-xfp1/t51.2885-15/1971492_552581338205929_353144297_a.jpg;http://scontent-a.cdninstagram.com/hphotos-xfp1/t51.2885-15/1971492_552581338205929_353144297_n.jpg;;
photo;petiteamo;;http://instagram.com/p/tdPvZHJWYu/;"With this dude 👍 #meetphilly #boomtour #collegeday #ruready #rutgers #sunny #lovingit #sohot";http://scontent-a.cdninstagram.com/hphotos-xfa1/t51.2885-15/1962922_575823352521955_1928675955_s.jpg;http://scontent-a.cdninstagram.com/hphotos-xfa1/t51.2885-15/1962922_575823352521955_1928675955_a.jpg;http://scontent-a.cdninstagram.com/hphotos-xfa1/t51.2885-15/1962922_575823352521955_1928675955_n.jpg;;
photo;car0lynchen;;http://instagram.com/p/tdGTJbOcMf/;"#boomtour #collegefest2014";http://scontent-a.cdninstagram.com/hphotos-xpa1/t51.2885-15/927742_771793916197901_620200325_s.jpg;http://scontent-a.cdninstagram.com/hphotos-xpa1/t51.2885-15/927742_771793916197901_620200325_a.jpg;http://scontent-a.cdninstagram.com/hphotos-xpa1/t51.2885-15/927742_771793916197901_620200325_n.jpg;;
photo;peaceloveandpoetry;;http://instagram.com/p/tdFV4TpRFo/;"@angiesboomchickapop #boomtour #cpcollegefest";http://scontent-a.cdninstagram.com/hphotos-xaf1/t51.2885-15/10598256_334097543430323_1961884222_s.jpg;http://scontent-a.cdninstagram.com/hphotos-xaf1/t51.2885-15/10598256_334097543430323_1961884222_a.jpg;http://scontent-a.cdninstagram.com/hphotos-xaf1/t51.2885-15/10598256_334097543430323_1961884222_n.jpg;;
