http://photomadicevents.smugmug.com/Other/Gif-Sync/i-7kf3gbt/0/S/P004_0055-S.gif;http://photomadicevents.smugmug.com/Other/Gif-Sync/i-7kf3gbt/0/O/P004_0055.gif
http://photomadicevents.smugmug.com/Other/Gif-Sync/i-8njLBN8/0/S/P004_0063-S.gif;http://photomadicevents.smugmug.com/Other/Gif-Sync/i-8njLBN8/0/O/P004_0063.gif
http://photomadicevents.smugmug.com/Other/Gif-Sync/i-mrJv33r/0/S/P004_0071-S.gif;http://photomadicevents.smugmug.com/Other/Gif-Sync/i-mrJv33r/0/O/P004_0071.gif
http://photomadicevents.smugmug.com/Other/Gif-Sync/i-47sstSF/0/S/P004_0122-S.gif;http://photomadicevents.smugmug.com/Other/Gif-Sync/i-47sstSF/0/O/P004_0122.gif
http://photomadicevents.smugmug.com/Other/Gif-Sync/i-4S4R7MX/0/S/P004_0165-S.gif;http://photomadicevents.smugmug.com/Other/Gif-Sync/i-4S4R7MX/0/O/P004_0165.gif
http://photomadicevents.smugmug.com/Other/Gif-Sync/i-HBjgmVJ/0/S/140927_090419-S.jpg;http://photomadicevents.smugmug.com/Other/Gif-Sync/i-HBjgmVJ/0/XL/140927_090419-XL.jpg
http://photomadicevents.smugmug.com/Other/Gif-Sync/i-CdxkppN/0/S/P004_0142-S.gif;http://photomadicevents.smugmug.com/Other/Gif-Sync/i-CdxkppN/0/O/P004_0142.gif
http://photomadicevents.smugmug.com/Other/Gif-Sync/i-rPJb8C8/0/S/P004_0146-S.gif;http://photomadicevents.smugmug.com/Other/Gif-Sync/i-rPJb8C8/0/O/P004_0146.gif
http://photomadicevents.smugmug.com/Other/Gif-Sync/i-PprhPR8/0/S/P004_0130-S.gif;http://photomadicevents.smugmug.com/Other/Gif-Sync/i-PprhPR8/0/O/P004_0130.gif
http://photomadicevents.smugmug.com/Other/Gif-Sync/i-v9SQbnK/0/S/P004_0126-S.gif;http://photomadicevents.smugmug.com/Other/Gif-Sync/i-v9SQbnK/0/O/P004_0126.gif
http://photomadicevents.smugmug.com/Other/Gif-Sync/i-hghMJv8/0/S/P004_0096-S.gif;http://photomadicevents.smugmug.com/Other/Gif-Sync/i-hghMJv8/0/O/P004_0096.gif
http://photomadicevents.smugmug.com/Other/Gif-Sync/i-fVBZK3k/0/S/140927_074103-S.jpg;http://photomadicevents.smugmug.com/Other/Gif-Sync/i-fVBZK3k/0/L/140927_074103-L.jpg
http://photomadicevents.smugmug.com/Other/Gif-Sync/i-XJ9B9P7/0/S/140927_074754-S.jpg;http://photomadicevents.smugmug.com/Other/Gif-Sync/i-XJ9B9P7/0/L/140927_074754-L.jpg
http://photomadicevents.smugmug.com/Other/Gif-Sync/i-qCn4WjN/0/S/140927_075920-S.jpg;http://photomadicevents.smugmug.com/Other/Gif-Sync/i-qCn4WjN/0/L/140927_075920-L.jpg
http://photomadicevents.smugmug.com/Other/Gif-Sync/i-qBFzbWm/0/S/P004_0039-S.gif;http://photomadicevents.smugmug.com/Other/Gif-Sync/i-qBFzbWm/0/L/P004_0039-L.gif
http://photomadicevents.smugmug.com/Other/Gif-Sync/i-h7dzD3f;http://photomadicevents.smugmug.com/Other/Gif-Sync/i-h7dzD3f/0/XL/140927_081623-XL.jpg
